INSERT INTO article (article_id, article_name, article_color, article_price) VALUES
('90-XB1000KM00020','Asus U2000 Keyboard + Mouse Set', 'GEEN', 16.45),
('90-XB2400KM00130-','Asus W3000 Desktop - Draadloos - Wit - Qwerty', 'WIT', 24.10),
('90-XB2400KM00030-','Asus W3000 Desktop - Draadloos - Zwart - Qwerty', 'ZWART', 24.10),
('G84-4420LUBEU-2','Cherry Compact Keyboard - G84-4420 - USB/Black/Trackball - QWERTY', 'ZWART', 100.20),
('G84-4420LUBEU-0','Cherry Compact Keyboard - G84-4420 - USB/White/Trackball - QWERTY', 'WIT', 100.20),
('JD-0800EU-2','Cherry Keyboard - DC 2000 Corded Desktop Zwart - QWERTY', 'ZWART', 18.05),
('90YH00Q1-BAUA00','Asus Mouse Cerberus Gaming - USB', 'GEEN', 34.35),
('90YH0051-BBUA00','Asus Mouse Echelon Laser Gaming - USB', 'GEEN', 49.55),
('90XB02C0-BMU000','Asus Mouse GX860 Gaming - USB', 'GEEN', 59.25),
('90MP0081-B0UA00','Asus Mouse ROG Gladius Gaming - USB', 'GEEN', 72.15),
('90MP00B1-B0UA00','Asus Mouse ROG Sica Gaming - USB', 'GEEN', 48.85),
('90YH00C2-BAUA00','Asus Mouse Strix Claw Dark Edition Gaming - USB', 'GEEN', 63.10),
('MB112ZM/C','Apple Mouse - USB', 'GEEN', 56.30),
('90LM0183-B01170','Asus 15.6 inch IPS LED Monitor MB169B+', 'GEEN', 217.95),
('90LM0180-B01170','Asus 15.6 inch IPS LED Monitor MB169C+', 'GEEN', 258.95),
('T1521MSC-B1','IIyama 15 inch Touchscreen Monitor ProLite T1521MSC-B1', 'GEEN', 377.55),
('T1531SAW-B1','IIyama 15 inch Touchscreen Monitor ProLite T1531SAW-B1', 'GEEN', 441.65),
('90-MXGYU0-A0UAYZ','ASRock mATX MB - AMD - QC5000M', 'GEEN', 57.90),
('90-MXGZ20-A0UAYZ','ASRock mATX MB - Intel N3050M', 'GEEN', 63.35),
('90-MXGZD0-A0UAYZ','ASRock mATX MB - Intel N3150M', 'GEEN', 78.50),
('90-MXGXX0-A0UAYZ','ASRock mATX MB - Intel N3700M', 'GEEN', 101.45),
('90-MXGYS0-A0UAYZ','ASRock mini-ITX MB - AMD - QC5000M-ITX/PH', 'GEEN', 65.35),
('88316','Delock PCI Card 1 x LAN 10/100 Mb/s', 'GEEN', 7.65),
('EN-9235TX-32 V2','Edimax Gigabit Ethernet Netwerkadapter', 'GEEN', 12.05),
('PWLA8391GTBLK','Intel PRO/1000 GT Gigabit Network Adapter (PCI) Bulk', 'GEEN', 27.25),
('90IG0120-BM0000','Asus USB-N14 Wireless N300 Adapter (USB)', 'GEEN', 25.75),
('USB-N53','Asus USB-N53 Wireless-N600 Dual Band Adapter Ver A1 (USB)', 'GEEN', 30.20),
('DWA-121','D-Link DWA-121 Wireless N150 Adapter (USB)', 'GEEN', 13.50),
('DNS-327L','D-Link NAS - DNS-327L - ShareCenter+ 2-Bay Cloud Network Storage Enclosure', 'GEEN', 109.55),
('1558','Fantec NAS - CL-35B2 RAID Cloud NAS Server', 'GEEN', 108.65),
('1636','Fantec NAS - MWiD25 Mobile WiFi Disk', 'GEEN', 52.15),
('MLW221','Kingston NAS - MobileLite Wireless Flash Reader', 'GEEN', 27.75),
('55745','Delock SDHC Card - 32 GB - Class 10', 'GEEN', 14.95),
('SDA10/16GB','Kingston SDHC Card - 16 GB - Class 10 UHS-I', 'GEEN', 9.55),
('SD10VG2/16GB','Kingston SDHC Card - 16 GB - Class 10 UHS-I V2', 'GEEN', 7.25),
('SD4/16GB','Kingston SDHC Card - 16 GB - Class 4', 'GEEN', 6.35),
('SDA3/16GB','Kingston SDHC Card - 16 GB - UHS-I Speed Class 3 (U3)', 'GEEN', 19.95),
('SDA10/32GB','Kingston SDHC Card - 32 GB - Class 10 UHS-I', 'GEEN', 16.95),
('SD10VG2/32GB','Kingston SDHC Card - 32 GB - Class 10 UHS-I V2', 'GEEN', 10.95),
('SD4/32GB','Kingston SDHC Card - 32 GB - Class 4', 'GEEN', 16.55),
('SDA3/32GB','Kingston SDHC Card - 32 GB - UHS-I Speed Class 3 (U3)', 'GEEN', 16.85),
('SD4/8GB','Kingston SDHC Card - 8 GB - Class 4', 'GEEN', 4.85),
('LSD16GBBEU300','Lexar Platinum II 300x SDHC Card - 16 GB - Class 10 UHS-I', 'GEEN', 10.25),
('MGLW2FD/A','Apple iPad Air 2 Wi-Fi - 16 GB - Silver', 'ZILVER', 424.95),
('SM-T560NZKAPHN','Samsung Galaxy Tab E - Wi-Fi - 9.6 inch - 8 GB - Zwart', 'ZWART', 170.05),
('SN1AW72B2E','Hannspree Tab HANNSPAD W72B - 10.1i - Wi-Fi - 3G - 8 GB - Zwart', 'ZWART', 189.10),
('SM-T550NZKADBT','Samsung Galaxy Tab A - Wi-Fi - 9.7i - 16 GB Zwart', 'ZWART', 221.70),
('SM-T550NZWADBT','Samsung Galaxy Tab A - Wi-Fi - 9.7i - 16 GB Wit', 'WIT', 221.70),
('SM-T555NZKADBT','Samsung Galaxy Tab A - Wi-Fi + 4G - 9.7i - 16 GB - Zwart', 'ZWART', 277.75),
('ME276FD/A','Apple iPad mini Retina WiFi 16GB Space Gray', 'GRIJS', 294.60),
('MGHW2FD/A','Apple iPad mini 3 Wi-Fi + 4G - 16 GB - Silver', 'ZILVER', 353.80),
('MD101US/A','Apple 13.3-inch MacBook Pro [Intel Core-i5 - 4GB - 500GB - HD4000 - MAC/US Layout - 13.3inch]', 'GEEN', 1123.50),
('MJLT2LL/A','Apple MacBook Pro Retina 39cm (15.4 inch) [Core-i7 2.5GHz - 16GB - 512SSD - R9M370X - US]', 'GEEN', 2642.05),
('MK462LL/A','Apple 27-inch iMac met Retina 5K-display [Intel Core i5-3.2 GHz - 8 GB - 1 TB - AMD Radeon R9 M380 2GB - US Layout]', 'GEEN', 2049.95),
('MK482LL/A','Apple 27-inch iMac met Retina 5K-Display [Intel Core i5-3.3 GHz - 8 GB - 2 TB Fusion Drive - AMD Radeon R9 M395 2GB - US Layout]', 'GEEN', 2441.35);
INSERT INTO customer (customer_id, customer_name, customer_street, customer_housenumber, customer_postcode, customer_city, customer_tel_number, customer_fax_number) VALUES 
(1, 'Snel Transport',  'Zeugstraat', '92','2801 JD','Gouda','0182512784','null' ),
(2, 'De Concurrent',  'Jacob van Lennepstraat', '46','1053 HL','Amsterdam','0203456456','null' ),
(3, 'E-h@ven',  'Kerkstraat', '16','6233 BK','Maastricht','0433632110','null' ),
(4, 'ByteSystems',  'Lambertus Buddestraat', '70','7521 SB','Enschede','0534343311','null' ),
(5, 'E-note',  'Groningerweg', '45/2','9738 AB','Groningen','0505742600','null' ),
(6, 'St@lker',  'Blauwkapelseweg', '77b','3572 KC','Utrecht','0302713291','null' ),
(7, 'Elbers ICT',  'Hommelseweg', '231','6821 LG','Arnhem','0264434680','null' ),
(8, 'IT Pro’s',  'Admiraal de Ruijterweg', '65','1057 JX','Amsterdam','0206162945','null' ),
(9, 'West-IT',  'Zeugstr', '42','2801JC','Gouda','0182-516393','0182-580153' ),
(10, 'IT Works',  'Energiewg', '6','1785AD','Den Helder','0223-630204','0223-638027' ),
(11, '@pple IT',  'St Domusstr', '43','4301CM','Zierikzee','0111-413395','0111-421851' ),
(12, 'IT Force',  'Mortiereboulev', '8','4336RA','Middelburg','0118-650382','0118-613909' ),
(13, 'Tablet & Co',  'Spinveld', '14','4815HS','Breda','076-5207080','076-5207081' ),
(14, 'Formidoos Eindhoven',  'Hoogstr', '154-160','5615PV','Eindhoven','040-2519497','040-2573491' ),
(15, 'Tablet & Co',  'Lodewykstr', '16','5652AC','Eindhoven','040-2572700','040-2524712' ),
(16, 'IT4All',  'Ivoorstr', '19','1812RE','Alkmaar','072-5411820','072-5411825' ),
(17, 'PC-markt Almere',  'Koningsbeltwg', '61','1329AE','Almere','036-5485080','036-5485085' ),
(18, 'PC-markt Amersfoort',  'Nyverheidswg N', '44','3812PM','Amersfoort','033-4650111','033-4657172' ),
(19, 'Amsterdam-Amstel ICT shop',  'D Goedkoopstr', '31','1096BD','Amsterdam','020-6946767','020-6685649' ),
(20, 'Sloterdijk Gyro-IT',  'Gyroscoopwg', '142','1042AZ','Amsterdam','020-4480484','020-6134525' ),
(21, 'Kerketuinen Computers',  'Zilverstr', '126','2544EL','s Gravenhage','070-3669914','070-3674158' ),
(22, 'Eindhoven IT centrum',  'Lodewykstr', '16','5652AC','Eindhoven','040-2572700','040-2524712' ),
(23, '@pple IT',  'L Buddestr', '70','7521SB','Enschede','053-4343311','053-4329364' ),
(24, 'Tablet & Co',  'Marconistr', '27','2809PH','Gouda','0182-686890','0182-686899' ),
(25, 'IT hunter',  'Bornholmstr', '38','9723AX','Groningen','050-3187000','050-3181980' ),
(26, 'Professional ICT',  'A Hofmanwg', '3a','2031BH','Haarlem','023-5530330','023-5530349' ),
(27, 'IT Vossenbeemd',  'Vossenbeemd', '102','5705CL','Helmond','0492-509310','0492-509319' ),
(28, 'DynaByte Hilversum',  'Nw Havenwg', '89','1216BP','Hilversum','035-5289250','035-6319076' ),
(29, 'ICT shop Hoensbroek',  'Industriestr', '2a','6433JX','Hoensbroek','045-5223600','045-5226364' ),
(30, 'ICT shop Katwijk',  'Mandenmakerstr', '4','2222AX','Katwijk ZH','071-4097272','071-4086411' ),
(31, 'Kramer ICT',  'S Vestdykwei', '1','8914AX','Leeuwarden','058-2340900','058-2340909' ),
(32, 'VelocITy',  'Draadbaan', '10','2352AW','Leiderdorp','071-5813310','071-5813320' ),
(33, 'CoolIT',  'Middenhoven', '3','6042NX','Roermond','0475-316253','0475-334495' ),
(34, 'Notebook4You',  'Boterdiep', '28','3077AW','Rotterdam','010-4825353','010-4822742' ),
(35, 'Intern@t',  'Philippuswg', '5','3125AS','Schiedam','010-4375311','010-4158160' ),
(36, 'ICT centrum Sittard',  'Dr Nolensln', '111','6136GM','Sittard','046-4584750','046-4585202' ),
(37, 'ICT centrum Tilburg',  'Ceramstr', '3','5013BB','Tilburg','013-5457830','013-5452853' ),
(38, 'E-learning & IT Centre Utrecht',  'St Laurensdreef', '8-10','3565AK','Utrecht','030-2614161','030-2610871' ),
(39, 'DynaByte,',  'De Wittevrouwensngl', '95A','3514AL','Utrecht','030-2721406','030-2760719' ),
(40, 'IT  Zaanstad',  'Roode Wildemanwg', '2','1521PT','Wormerveer','075-6470760','075-6470769' ),
(41, 'IT  Zoetermeer',  'Koperstr', '3','2718RG','Zoetermeer','079-3634141','079-3634140' );
INSERT INTO orders (order_id, customer_id, order_date_time, order_delivered, order_received, order_type)
VALUES (1, 1, current_timestamp, false, false, 'ORDER'),
(2, 1, current_timestamp, false, false, 'ORDER'),
(3, 1, current_timestamp, false, false, 'ORDER'),
(4, 1, current_timestamp, false, false, 'ORDER'),
(5, 1, current_timestamp, false, false, 'ORDER');
INSERT INTO order_detail (order_detail_id, quantity, article_article_id, order_id)
VALUES 
(1, 5, '90-MXGXX0-A0UAYZ', 1),
(2, 5, '1558', 1),
(3, 5, '1636', 1),
(4, 5, '55745', 1),
(5, 5, '90-XB1000KM00020', 1),
(6, 5, '90-XB2400KM00130-', 1),
(7, 5, '90-MXGXX0-A0UAYZ', 2),
(8, 5, '90-MXGXX0-A0UAYZ', 3),
(9, 5, '90-MXGXX0-A0UAYZ', 4),
(10, 5, '90-MXGXX0-A0UAYZ', 5);


